{
    "0":{
        "classes_names":[
            " building",
            " water",
            " road ",
            " sidewalk",
            " surface",
            " tree",
            " sky",
            " miscelaneous"
        ],
        "mpc":0.05,
        "non_empty_classes_names":[
            " building",
            " water",
            " road ",
            " sidewalk",
            " surface",
            " tree",
            " sky"
        ],
        "train_size":27376,
        "test_size":6844,
        "num_epochs":2,
        "pos_enc_dim":10,
        "tsp":1,
        "enc_input_size":60,
        "num_present_classes":17,
        "xyz_centroid":[
            1560.3946582042,
            158.9955782044,
            1091.8348912334
        ],
        "xyz_max-min":3001.2469314885,
        "xyzh_centroid":[
            -10.1753050961,
            41.5595390922,
            0.6427617298
        ],
        "xyzh_max-min":359.9999345663,
        "criterion":"MSELoss()",
        "training_time_in_seconds":"5",
        "final_training_loss":0.0603480848,
        "final_test_loss":0.0612270825,
        "training_losses_summary":[
            [
                0.2952613914,
                0.335321014,
                0.2689241504,
                0.2994453705,
                0.2547854859,
                0.1993837009,
                0.1847718509,
                0.2465461821,
                0.3990128168,
                0.2088332453,
                0.2138630403,
                0.2104530962,
                0.2471791058,
                0.2586356651,
                0.2481675834,
                0.253718923,
                0.1822317602
            ],
            [
                0.1877927382,
                0.0714588028,
                0.0010983655,
                0.0012212833,
                0.0142400013,
                0.0546543537,
                0.1767441293,
                0.0604225827,
                0.0886093654,
                0.0455397035,
                0.0583451606,
                0.0500790733,
                0.0267583658,
                0.0103841573,
                0.0036250875,
                0.0007661151,
                0.1741781568
            ]
        ],
        "test_losses_summary":[
            [
                0.1935496896,
                0.0709845144,
                0.000960353,
                0.0026906763,
                0.0132382839,
                0.0572912112,
                0.1795225602,
                0.0625518,
                0.084037283,
                0.0433869022,
                0.0608799841,
                0.0519172921,
                0.0280138875,
                0.0111215872,
                0.0040088273,
                0.0008734701,
                0.1758320805
            ]
        ],
        "training_losses_history":[
            [
                0.2952613914,
                0.335321014,
                0.2689241504,
                0.2994453705,
                0.2547854859,
                0.1993837009,
                0.1847718509,
                0.2465461821,
                0.3990128168,
                0.2088332453,
                0.2138630403,
                0.2104530962,
                0.2471791058,
                0.2586356651,
                0.2481675834,
                0.253718923,
                0.1822317602
            ],
            [
                0.1877927382,
                0.0714588028,
                0.0010983655,
                0.0012212833,
                0.0142400013,
                0.0546543537,
                0.1767441293,
                0.0604225827,
                0.0886093654,
                0.0455397035,
                0.0583451606,
                0.0500790733,
                0.0267583658,
                0.0103841573,
                0.0036250875,
                0.0007661151,
                0.1741781568
            ]
        ],
        "test_losses_history":[
            [
                0.1935496896,
                0.0709845144,
                0.000960353,
                0.0026906763,
                0.0132382839,
                0.0572912112,
                0.1795225602,
                0.0625518,
                0.084037283,
                0.0433869022,
                0.0608799841,
                0.0519172921,
                0.0280138875,
                0.0111215872,
                0.0040088273,
                0.0008734701,
                0.1758320805
            ]
        ]
    }
}