{
    "0":{
        "classes_names":[
            " building",
            " water",
            " road ",
            " sidewalk",
            " surface",
            " tree",
            " sky",
            " miscelaneous"
        ],
        "mpc":0.05,
        "non_empty_classes_names":[
            " building",
            " water",
            " tree",
            " sky"
        ],
        "train_size":16985,
        "test_size":4247,
        "num_epochs":50,
        "pos_enc_dim":10,
        "tsp":1,
        "enc_input_size":60,
        "num_present_classes":4,
        "xyz_centroid":[
            1405.7516812783,
            61.7637048514,
            1065.2848935455
        ],
        "xyz_max-min":3001.2469314885,
        "xyzh_centroid":[
            22.2347353407,
            37.4262807186,
            -15.1330989647
        ],
        "xyzh_max-min":359.9999808989,
        "criterion":"MSELoss()",
        "training_time_in_seconds":"84",
        "final_training_loss":0.0292239557,
        "final_test_loss":0.0314334168,
        "training_losses_summary":[
            [
                0.4402883853,
                0.3902828091,
                0.2689765505,
                0.271675488
            ],
            [
                0.113516208,
                0.0635675658,
                0.0731925031,
                0.086189783
            ],
            [
                0.0825288048,
                0.0406142033,
                0.0541471379,
                0.0602682367
            ],
            [
                0.0720097327,
                0.0299204016,
                0.0473894556,
                0.0507597503
            ],
            [
                0.06603522,
                0.0230189916,
                0.0431041334,
                0.0443813707
            ],
            [
                0.0618855578,
                0.0187896179,
                0.0396352612,
                0.0396538654
            ],
            [
                0.0583187193,
                0.0157952743,
                0.0364046643,
                0.0361602012
            ],
            [
                0.0554710525,
                0.0136513705,
                0.0335442716,
                0.0336137549
            ],
            [
                0.0532781031,
                0.0120175596,
                0.031228068,
                0.0318642483
            ],
            [
                0.0514597104,
                0.0108776042,
                0.0293601264,
                0.0303974439
            ]
        ],
        "test_losses_summary":[
            [
                0.3745077176,
                0.0736371712,
                0.0995712989,
                0.2558871561
            ],
            [
                0.1227102014,
                0.0671048267,
                0.075704268,
                0.0943003269
            ],
            [
                0.0914050449,
                0.0474371701,
                0.0591915096,
                0.0669423556
            ],
            [
                0.078376827,
                0.0338214297,
                0.0511614988,
                0.0569062752
            ],
            [
                0.0722616892,
                0.0272788683,
                0.0464698655,
                0.0506923769
            ],
            [
                0.0710177584,
                0.0224445055,
                0.0430598102,
                0.04716726
            ],
            [
                0.0652174614,
                0.0191840295,
                0.040650972,
                0.0432051062
            ],
            [
                0.0618045431,
                0.0168789294,
                0.0381153917,
                0.0393309996
            ],
            [
                0.0633351105,
                0.0155410889,
                0.0372239587,
                0.0389452336
            ],
            [
                0.0597081715,
                0.0137414685,
                0.0336939614,
                0.0361910732
            ],
            [
                0.0581879165,
                0.01264892,
                0.0327572002,
                0.0353677305
            ],
            [
                0.0548111053,
                0.0117612715,
                0.0301149152,
                0.0334891047
            ],
            [
                0.0532204808,
                0.0112513972,
                0.0286880841,
                0.0325737051
            ]
        ],