x,y,z,xh,yh,zh,f_xyz,residual,steps,start_locs
793.6349475828124,27.428007551513673,426.20761651390626,-144.9704557711328,17.015376612465822,-157.84064873789063,[0.   0.93 0.06 0.01],0.03607078641653061,22,[672.68859819  56.8284111  202.79986877]
1127.6387012449218,83.85230297692871,275.47458428734376,147.62931382115235,121.17816309623046,-131.76734551523438,[0.04 0.67 0.04 0.39],0.2014339566230774,74,[1194.98720557   50.30348015  289.78939673]
878.0058582273437,168.91703266748047,1032.9224888741358,-43.185497885390625,16.26319269828125,-11.780043211920166,[0.01 0.93 0.03 0.02],0.03389798104763031,14,[ 766.48730967   45.56144905 1091.62949902]
857.4744861570312,-22.158376268066405,435.76614922875,-122.07313216273437,50.688585802834474,187.11166754628906,[0.01 0.91 0.03 0.04],0.04070831835269928,40,[1122.37850195  103.15536118  547.27288672]
2575.670714184375,-63.20400004736328,662.2914788185938,180.60907303746094,58.653976008217775,-187.43252190683594,[0.19 0.69 0.03 0.19],0.17893879115581512,74,[2241.12349817   22.41131401  771.21099487]
