x,y,z,xh,yh,zh,f_xyz,residual,steps,start_locs
692.5059192624999,22.734262892089845,572.9575859963281,-42.27981246058594,-73.79299779244141,25.300235661523438,[0.01 0.92 0.06 0.02],0.04046471416950226,35,[664.28900645  99.68240929 858.67089612]
545.0540760007812,47.028577276550294,892.7188317238672,-38.20599806849609,6.151006266396486,-18.387946454031372,[0.01 0.92 0.04 0.04],0.041187092661857605,37,[ 474.76333594   95.93478966 1313.181302  ]
2893.5324085203124,7.769277998291017,2061.168554013906,-51.12981856410156,15.741845652382814,21.13606635,[0.07 0.85 0.01 0.09],0.07937776297330856,74,[2996.73090088   22.10253596 1976.61029517]
2587.050596996875,-139.8830848251953,1950.6612908303125,-41.057263022109375,49.865306422036134,-15.133916882021332,[0.12 0.8  0.01 0.06],0.09702973067760468,74,[2315.25569141   72.35382295 1845.58680957]
2641.4603870359374,-178.07194285742187,729.0838677346094,144.35443436558594,99.81040339164062,-152.00294121835938,[0.23 0.72 0.02 0.17],0.17734423279762268,74,[2515.02732071   22.30930209  531.12886624]
