x,y,z,xh,yh,zh,f_xyz,residual,steps,start_locs
296.88042346458747,41.33524436972266,1390.6065078692188,0.2051561305221924,1.3270545420720214,-0.004751313477754593,[0.   0.   0.   0.03 0.27 0.35 0.21 0.  ],0.12173119187355042,74,[ 197.46104407   46.06455994 1486.08068555]
