x,y,z,xh,yh,zh,f_xyz,residual,steps,start_locs
2198.6992100856814,10.085229110933597,1260.9338241533985,142.01211981269688,79.87628177977344,-142.44741821289062,[0.14 0.05 0.01 0.   0.16 0.02 0.59 0.  ],0.12895572185516357,74,[2407.19129614   58.40120029 1109.60880652]
2398.187369265369,11.798615646578128,775.0935684160938,16.27610830756992,73.15704349852344,-15.61265754699707,[0.4  0.05 0.04 0.01 0.12 0.07 0.37 0.  ],0.13919034600257874,74,[2208.84850745   74.77901888 1142.88619604]
232.89067737083747,152.10654182455664,1410.9748855547657,1.812269968717993,-41.494445759289064,1.200939416885376,[0.14 0.02 0.01 0.   0.06 0.17 0.63 0.  ],0.1411491483449936,74,[ 341.87853979   44.34679031 1556.66930859]
1242.0996312282593,12.574525070406253,1308.7814498858204,78.04333929511876,78.23993687010547,-77.79459381103516,[0.32 0.02 0.06 0.02 0.15 0.21 0.33 0.  ],0.15322385728359222,74,[1351.08759912   94.6615696  1414.70719739]
401.84538928489997,17.80180473349219,832.0661636309376,-178.1178087761703,-75.45668025635938,-178.17807006835938,[0.07 0.01 0.04 0.04 0.22 0.3  0.5  0.  ],0.16417786478996277,74,[436.96213079  57.52244186 637.24201073]
