x,y,z,xh,yh,zh,f_xyz,residual,steps,start_locs
2574.9938267849,11.943841171480472,1252.9086166338673,2.7952821681198485,70.87360386229297,-2.641202211380005,[0.3  0.14 0.04 0.01 0.23 0.06 0.28 0.  ],0.08829221874475479,74,[2618.76530121   10.         1234.52120405]
1281.0350484035523,14.219697189546878,1165.365213008379,111.36970953437657,71.60961918211719,-112.4085464477539,[0.2  0.04 0.09 0.03 0.22 0.27 0.33 0.  ],0.08966212719678879,74,[1050.65347894   97.51136017 1311.2901785 ]
771.1780308864625,32.95337028525,1033.114595027422,3.921825928419531,28.741008800037108,-1.8880815505981445,[0.04 0.01 0.03 0.03 0.2  0.53 0.2  0.  ],0.11797365546226501,74,[ 533.30989954  104.93936157 1044.28339917]
2904.03826037865,71.13672370932227,1076.0505166964283,-2.6488220265212647,78.30076603270312,2.593869924545288,[0.24 0.26 0.01 0.   0.03 0.02 0.39 0.  ],0.12072186172008514,74,[2334.40049097   70.69385999  834.30300537]
69.23515979271247,60.66090888998633,942.466157527422,0.44311441275447694,-8.267118412487305,0.06371591985225677,[0.21 0.   0.01 0.   0.01 0.33 0.39 0.  ],0.13159340620040894,74,[  75.8499558    44.88225937 1048.72318901]
