x,y,z,xh,yh,zh,f_xyz,residual,steps,start_locs
1289.3307942531617,134.21566123983985,553.9931045489063,-8.373627143174707,77.66567997313281,8.182992935180664,[0.18 0.23 0.01 0.   0.01 0.19 0.48 0.  ],0.11405342817306519,74,[1632.95540442   96.52169991  703.05090742]
114.33916369896247,48.643666458345706,1425.4718337969532,-3.93698354271084,-38.23732753419141,-2.439046621322632,[0.   0.04 0.   0.03 0.23 0.13 0.36 0.  ],0.12359226495027542,74,[ 202.55075049  101.21990013 1385.5892915 ]
523.697195925525,29.254975509859378,898.2939163164845,13.235362572401465,-10.766175228588379,2.515702247619629,[0.01 0.01 0.01 0.05 0.31 0.32 0.29 0.  ],0.15637964010238647,74,[ 649.26070139   99.17215919 1142.69138867]
2277.6879796169314,119.40369482061988,1925.3374038653126,3.0649090239700683,73.33359531737109,-2.936384916305542,[0.39 0.   0.   0.   0.   0.02 0.59 0.  ],0.15968339145183563,74,[2271.93629443   21.63700497 1907.71541064]
111.26824084739997,60.41583366415625,1187.4681564287891,6.621929688185157,-0.5608535292075043,0.06510944664478302,[0.12 0.   0.01 0.01 0.01 0.32 0.6  0.  ],0.16838514804840088,74,[ 164.02374243   56.03781128 1196.37811749]
