x,y,z,xh,yh,zh,f_xyz
512.4351795164062,-1.9102111374511708,281.68527764671876,182.61513077671876,-26.094564870078123,189.62558356191406,[0.03 0.64 0.06 0.3 ]
475.7996204343749,107.43323368676758,288.4015252053125,-173.70948470179687,-26.850546315390623,-173.83677300546876,[0.08 0.54 0.06 0.35]
