x,y,z,xh,yh,zh,f_xyz,residual,steps,start_locs
2731.3331897703124,-55.99294810644531,1952.9434563576563,-28.590393667861328,72.35838846854492,2.304302128808594,[0.18 0.73 0.01 0.18],0.15996001660823822,74,[2653.90329468   59.29895973 1897.23260962]
700.8515003171874,-141.2886481796875,399.553991025625,108.91191422398438,114.90403895072265,-156.60581597421876,[0.03 0.77 0.1  0.19],0.13577455282211304,74,[995.93521074  98.96977997 667.59550018]
707.9797962156249,-38.15718608251953,358.42233819359376,201.86014115269532,10.999267145913088,-158.93421563242188,[0.02 0.91 0.03 0.04],0.04222489893436432,72,[1149.85379797   51.79694939  565.620604  ]
1833.5930469480468,-67.675244859375,684.0564629494531,180.6499055569922,44.00698570899292,-191.08985528085938,[0.09 0.53 0.19 0.12],0.21926894783973694,74,[1606.37879767   98.07352066  687.32550459]
870.1799304929687,49.78092426904297,834.0846611916406,-34.92633879725586,45.012647673409425,12.095252903955078,[0.02 0.93 0.03 0.05],0.03964375704526901,12,[703.12849924  51.4706707  976.6739021 ]
