{
    "0":{
        "classes_names":[
            "brick",
            "concrete",
            "marble",
            "plaster",
            "metal",
            "nothing"
        ],
        "mpc":null,
        "non_empty_classes_names":[
            "brick",
            "metal"
        ],
        "train_size":139,
        "test_size":3498,
        "num_epochs":2,
        "pos_enc_dim":10,
        "tsp":0.01,
        "batch_size":8,
        "label_name":"f_xyz",
        "enc_input_size":60,
        "num_present_classes":2,
        "xyz_centroid":[
            1408.0926815323,
            120.5511492281,
            1067.8907947399
        ],
        "xyz_max-min":3001.2,
        "xyzh_centroid":[
            0.0317838765,
            0.1233619211,
            0.0
        ],
        "xyzh_max-min":360.0,
        "criterion":"MSELoss()",
        "training_time_in_seconds":"1",
        "final_training_loss":0.6964770761,
        "final_test_loss":0.7092564115,
        "training_losses_summary":[
            [
                0.4371779788,
                0.9894315956
            ],
            [
                0.4335055094,
                0.9594486429
            ]
        ],
        "test_losses_summary":[
            [
                0.4489481621,
                0.9695646608
            ]
        ],
        "training_losses_history":[
            [
                0.4371779788,
                0.9894315956
            ],
            [
                0.4335055094,
                0.9594486429
            ]
        ],
        "test_losses_history":[
            [
                0.4489481621,
                0.9695646608
            ]
        ]
    }
}