{
    "0":{
        "classes_names":[
            "brick",
            "concrete",
            "marble",
            "plaster",
            "metal",
            "nothing"
        ],
        "mpc":null,
        "non_empty_classes_names":[
            "metal"
        ],
        "train_size":27984,
        "test_size":6996,
        "num_epochs":30,
        "pos_enc_dim":10,
        "tsp":1,
        "label_name":"f_xyz",
        "enc_input_size":60,
        "num_present_classes":1,
        "xyz_centroid":[
            1408.0790594626,
            112.1072670097,
            1067.8923985134
        ],
        "xyz_max-min":3010.0,
        "xyzh_centroid":[
            0.0091480846,
            -0.1040594626,
            0.0
        ],
        "xyzh_max-min":360.0,
        "criterion":"MSELoss()",
        "training_time_in_seconds":"84",
        "final_training_loss":0.000891923,
        "final_test_loss":0.0007151758,
        "training_losses_summary":[
            [
                0.2067008688
            ],
            [
                0.0011313951
            ],
            [
                0.0011304774
            ],
            [
                0.0011272969
            ],
            [
                0.0011181031
            ],
            [
                0.0010987333
            ],
            [
                0.0010679615
            ],
            [
                0.0010164506
            ],
            [
                0.0009788879
            ],
            [
                0.0009219205
            ]
        ],
        "test_losses_summary":[
            [
                0.000523049
            ],
            [
                0.0004582015
            ],
            [
                0.0004573661
            ],
            [
                0.0004568382
            ],
            [
                0.0004552513
            ],
            [
                0.0004526138
            ],
            [
                0.000446815
            ],
            [
                0.0004417622
            ],
            [
                0.0004355968
            ],
            [
                0.0004313951
            ],
            [
                0.0004452992
            ],
            [
                0.0004547203
            ],
            [
                0.0004446891
            ],
            [
                0.0004757217
            ],
            [
                0.0007151758
            ]
        ],
        "training_losses_history":[
            [
                0.2067008688
            ],
            [
                0.0011491052
            ],
            [
                0.0011326314
            ],
            [
                0.0011313951
            ],
            [
                0.0011311077
            ],
            [
                0.0011308429
            ],
            [
                0.0011304774
            ],
            [
                0.0011298003
            ],
            [
                0.0011288248
            ],
            [
                0.0011272969
            ],
            [
                0.0011250777
            ],
            [
                0.0011220245
            ],
            [
                0.0011181031
            ],
            [
                0.0011136285
            ],
            [
                0.0011083918
            ],
            [
                0.0010987333
            ],
            [
                0.0010931117
            ],
            [
                0.0010807091
            ],
            [
                0.0010679615
            ],
            [
                0.0010595461
            ],
            [
                0.0010433711
            ],
            [
                0.0010164506
            ],
            [
                0.0010124177
            ],
            [
                0.0009903776
            ],
            [
                0.0009788879
            ],
            [
                0.0009485351
            ],
            [
                0.000949065
            ],
            [
                0.0009219205
            ],
            [
                0.0009189801
            ],
            [
                0.000891923
            ]
        ],
        "test_losses_history":[
            [
                0.000523049
            ],
            [
                0.0004582015
            ],
            [
                0.0004573661
            ],
            [
                0.0004568382
            ],
            [
                0.0004552513
            ],
            [
                0.0004526138
            ],
            [
                0.000446815
            ],
            [
                0.0004417622
            ],
            [
                0.0004355968
            ],
            [
                0.0004313951
            ],
            [
                0.0004452992
            ],
            [
                0.0004547203
            ],
            [
                0.0004446891
            ],
            [
                0.0004757217
            ],
            [
                0.0007151758
            ]
        ]
    }
}