{
    "0":{
        "classes_names":[
            "brick",
            "concrete",
            "marble",
            "plaster",
            "metal",
            "nothing"
        ],
        "mpc":null,
        "non_empty_classes_names":[
            "brick",
            "concrete",
            "marble",
            "plaster",
            "metal"
        ],
        "train_size":279,
        "test_size":6996,
        "num_epochs":2,
        "pos_enc_dim":10,
        "tsp":0.01,
        "batch_size":8,
        "label_name":"f_xyz",
        "enc_input_size":60,
        "num_present_classes":5,
        "xyz_centroid":[
            1408.0852315609,
            112.1072670097,
            1067.883273299
        ],
        "xyz_max-min":3010.7,
        "xyzh_centroid":[
            0.0220440252,
            -0.8981789594,
            0.0
        ],
        "xyzh_max-min":360.0,
        "criterion":"MSELoss()",
        "training_time_in_seconds":"1",
        "final_training_loss":1.00465287,
        "final_test_loss":1.015112969,
        "training_losses_summary":[
            [
                1.0173167875,
                0.919716242,
                0.931918633,
                1.133726079,
                1.1451760193
            ],
            [
                0.9912047249,
                0.8871503782,
                0.9162579454,
                1.1136479959,
                1.1150033055
            ]
        ],
        "test_losses_summary":[
            [
                0.9880375433,
                0.9041088528,
                0.9338240745,
                1.1274787008,
                1.1221156738
            ]
        ],
        "training_losses_history":[
            [
                1.0173167875,
                0.919716242,
                0.931918633,
                1.133726079,
                1.1451760193
            ],
            [
                0.9912047249,
                0.8871503782,
                0.9162579454,
                1.1136479959,
                1.1150033055
            ]
        ],
        "test_losses_history":[
            [
                0.9880375433,
                0.9041088528,
                0.9338240745,
                1.1274787008,
                1.1221156738
            ]
        ]
    }
}