{
    "brick":{
        "1%":0.2153729072,
        "2%":0.3751902588,
        "3%":0.4809741248,
        "4%":0.5601217656,
        "5%":0.6255707763,
        "6%":0.6750380518,
        "7%":0.7115677321,
        "8%":0.7420091324,
        "9%":0.7694063927,
        "10%":0.7929984779,
        "11%":0.8127853881,
        "12%":0.8325722983,
        "13%":0.8439878234,
        "14%":0.8576864536,
        "15%":0.8713850837,
        "16%":0.8858447489,
        "17%":0.896499239,
        "18%":0.9071537291,
        "19%":0.9140030441,
        "20%":0.9200913242,
        "21%":0.9261796043,
        "22%":0.9330289193,
        "23%":0.9360730594,
        "24%":0.9429223744,
        "25%":0.9474885845,
        "26%":0.9543378995,
        "27%":0.9558599696,
        "28%":0.9589041096,
        "29%":0.9619482496,
        "30%":0.9649923896,
        "31%":0.9680365297,
        "32%":0.9710806697,
        "33%":0.9733637747,
        "34%":0.9756468798,
        "35%":0.9779299848,
        "36%":0.9779299848,
        "37%":0.9794520548,
        "38%":0.9817351598,
        "39%":0.9817351598,
        "40%":0.9832572298,
        "41%":0.9847792998,
        "42%":0.9855403349,
        "43%":0.9870624049,
        "44%":0.9878234399,
        "45%":0.9893455099,
        "46%":0.9901065449,
        "47%":0.9901065449,
        "48%":0.9908675799,
        "49%":0.9916286149,
        "50%":0.9923896499,
        "51%":0.9931506849,
        "52%":0.9931506849,
        "53%":0.9939117199,
        "54%":0.99543379,
        "55%":0.99543379,
        "56%":0.99543379,
        "57%":0.99543379,
        "58%":0.99543379,
        "59%":0.996194825,
        "60%":0.996194825,
        "61%":0.99695586,
        "62%":0.99695586,
        "63%":0.99695586,
        "64%":0.99695586,
        "65%":0.99695586,
        "66%":0.997716895,
        "67%":0.997716895,
        "68%":0.997716895,
        "69%":0.99847793,
        "70%":0.99847793,
        "71%":0.99847793,
        "72%":0.99847793,
        "73%":0.99847793,
        "74%":0.99847793,
        "75%":0.99847793,
        "76%":0.99847793,
        "77%":0.99847793,
        "78%":0.999238965,
        "79%":0.999238965,
        "80%":0.999238965,
        "81%":1.0,
        "82%":1.0,
        "83%":1.0,
        "84%":1.0,
        "85%":1.0,
        "86%":1.0,
        "87%":1.0,
        "88%":1.0,
        "89%":1.0,
        "90%":1.0,
        "91%":1.0,
        "92%":1.0,
        "93%":1.0,
        "94%":1.0,
        "95%":1.0,
        "96%":1.0,
        "97%":1.0,
        "98%":1.0,
        "99%":1.0
    },
    "glass":{
        "1%":0.3344917463,
        "2%":0.5169417897,
        "3%":0.6072980017,
        "4%":0.6846220678,
        "5%":0.7341442224,
        "6%":0.7801911381,
        "7%":0.8123370982,
        "8%":0.832319722,
        "9%":0.8531711555,
        "10%":0.8748913988,
        "11%":0.8853171156,
        "12%":0.900086881,
        "13%":0.9087749783,
        "14%":0.9174630756,
        "15%":0.9244135534,
        "16%":0.9313640313,
        "17%":0.9365768897,
        "18%":0.9443961772,
        "19%":0.9470026064,
        "20%":0.9522154648,
        "21%":0.9539530843,
        "22%":0.9582971329,
        "23%":0.9617723719,
        "24%":0.9661164205,
        "25%":0.9687228497,
        "26%":0.9695916594,
        "27%":0.9695916594,
        "28%":0.9713292789,
        "29%":0.9730668983,
        "30%":0.9756733275,
        "31%":0.9765421373,
        "32%":0.977410947,
        "33%":0.977410947,
        "34%":0.9782797567,
        "35%":0.9791485665,
        "36%":0.9800173762,
        "37%":0.9817549957,
        "38%":0.9834926151,
        "39%":0.9834926151,
        "40%":0.9843614248,
        "41%":0.9860990443,
        "42%":0.986967854,
        "43%":0.986967854,
        "44%":0.986967854,
        "45%":0.986967854,
        "46%":0.9878366638,
        "47%":0.9887054735,
        "48%":0.9921807124,
        "49%":0.9921807124,
        "50%":0.9921807124,
        "51%":0.9921807124,
        "52%":0.9921807124,
        "53%":0.9921807124,
        "54%":0.9921807124,
        "55%":0.9930495222,
        "56%":0.9930495222,
        "57%":0.9939183319,
        "58%":0.9939183319,
        "59%":0.9939183319,
        "60%":0.9939183319,
        "61%":0.9947871416,
        "62%":0.9947871416,
        "63%":0.9956559513,
        "64%":0.9956559513,
        "65%":0.9956559513,
        "66%":0.9956559513,
        "67%":0.9956559513,
        "68%":0.9956559513,
        "69%":0.9965247611,
        "70%":0.9965247611,
        "71%":0.9965247611,
        "72%":0.9965247611,
        "73%":0.9965247611,
        "74%":0.9965247611,
        "75%":0.9965247611,
        "76%":0.9965247611,
        "77%":0.9973935708,
        "78%":0.9982623805,
        "79%":0.9991311903,
        "80%":0.9991311903,
        "81%":0.9991311903,
        "82%":1.0,
        "83%":1.0,
        "84%":1.0,
        "85%":1.0,
        "86%":1.0,
        "87%":1.0,
        "88%":1.0,
        "89%":1.0,
        "90%":1.0,
        "91%":1.0,
        "92%":1.0,
        "93%":1.0,
        "94%":1.0,
        "95%":1.0,
        "96%":1.0,
        "97%":1.0,
        "98%":1.0,
        "99%":1.0
    }
}