{
    "brick":{
        "1%":0.2123287671,
        "2%":0.3751902588,
        "3%":0.4779299848,
        "4%":0.5608828006,
        "5%":0.6347031963,
        "6%":0.6788432268,
        "7%":0.7191780822,
        "8%":0.7595129376,
        "9%":0.797564688,
        "10%":0.8287671233,
        "11%":0.8515981735,
        "12%":0.8759512938,
        "13%":0.897260274,
        "14%":0.9117199391,
        "15%":0.9261796043,
        "16%":0.9353120244,
        "17%":0.9406392694,
        "18%":0.9459665145,
        "19%":0.9505327245,
        "20%":0.9566210046,
        "21%":0.9634703196,
        "22%":0.9657534247,
        "23%":0.9687975647,
        "24%":0.9718417047,
        "25%":0.9748858447,
        "26%":0.9756468798,
        "27%":0.9794520548,
        "28%":0.9817351598,
        "29%":0.9840182648,
        "30%":0.9840182648,
        "31%":0.9840182648,
        "32%":0.9855403349,
        "33%":0.9885844749,
        "34%":0.9885844749,
        "35%":0.9885844749,
        "36%":0.9908675799,
        "37%":0.9908675799,
        "38%":0.9931506849,
        "39%":0.9931506849,
        "40%":0.9931506849,
        "41%":0.99543379,
        "42%":0.99543379,
        "43%":0.99543379,
        "44%":0.996194825,
        "45%":0.996194825,
        "46%":0.99695586,
        "47%":0.99695586,
        "48%":0.99695586,
        "49%":0.99695586,
        "50%":0.997716895,
        "51%":0.997716895,
        "52%":0.997716895,
        "53%":0.99847793,
        "54%":0.99847793,
        "55%":0.999238965,
        "56%":0.999238965,
        "57%":0.999238965,
        "58%":0.999238965,
        "59%":0.999238965,
        "60%":0.999238965,
        "61%":0.999238965,
        "62%":0.999238965,
        "63%":0.999238965,
        "64%":0.999238965,
        "65%":0.999238965,
        "66%":0.999238965,
        "67%":0.999238965,
        "68%":0.999238965,
        "69%":0.999238965,
        "70%":0.999238965,
        "71%":0.999238965,
        "72%":0.999238965,
        "73%":0.999238965,
        "74%":1.0,
        "75%":1.0,
        "76%":1.0,
        "77%":1.0,
        "78%":1.0,
        "79%":1.0,
        "80%":1.0,
        "81%":1.0,
        "82%":1.0,
        "83%":1.0,
        "84%":1.0,
        "85%":1.0,
        "86%":1.0,
        "87%":1.0,
        "88%":1.0,
        "89%":1.0,
        "90%":1.0,
        "91%":1.0,
        "92%":1.0,
        "93%":1.0,
        "94%":1.0,
        "95%":1.0,
        "96%":1.0,
        "97%":1.0,
        "98%":1.0,
        "99%":1.0
    },
    "glass":{
        "1%":0.8826086957,
        "2%":0.9260869565,
        "3%":0.952173913,
        "4%":0.9608695652,
        "5%":0.9695652174,
        "6%":0.9782608696,
        "7%":0.9826086957,
        "8%":0.9869565217,
        "9%":0.9869565217,
        "10%":0.9913043478,
        "11%":0.9913043478,
        "12%":0.9913043478,
        "13%":0.9913043478,
        "14%":0.9913043478,
        "15%":0.9913043478,
        "16%":0.9913043478,
        "17%":0.9913043478,
        "18%":0.9956521739,
        "19%":0.9956521739,
        "20%":0.9956521739,
        "21%":0.9956521739,
        "22%":0.9956521739,
        "23%":0.9956521739,
        "24%":1.0,
        "25%":1.0,
        "26%":1.0,
        "27%":1.0,
        "28%":1.0,
        "29%":1.0,
        "30%":1.0,
        "31%":1.0,
        "32%":1.0,
        "33%":1.0,
        "34%":1.0,
        "35%":1.0,
        "36%":1.0,
        "37%":1.0,
        "38%":1.0,
        "39%":1.0,
        "40%":1.0,
        "41%":1.0,
        "42%":1.0,
        "43%":1.0,
        "44%":1.0,
        "45%":1.0,
        "46%":1.0,
        "47%":1.0,
        "48%":1.0,
        "49%":1.0,
        "50%":1.0,
        "51%":1.0,
        "52%":1.0,
        "53%":1.0,
        "54%":1.0,
        "55%":1.0,
        "56%":1.0,
        "57%":1.0,
        "58%":1.0,
        "59%":1.0,
        "60%":1.0,
        "61%":1.0,
        "62%":1.0,
        "63%":1.0,
        "64%":1.0,
        "65%":1.0,
        "66%":1.0,
        "67%":1.0,
        "68%":1.0,
        "69%":1.0,
        "70%":1.0,
        "71%":1.0,
        "72%":1.0,
        "73%":1.0,
        "74%":1.0,
        "75%":1.0,
        "76%":1.0,
        "77%":1.0,
        "78%":1.0,
        "79%":1.0,
        "80%":1.0,
        "81%":1.0,
        "82%":1.0,
        "83%":1.0,
        "84%":1.0,
        "85%":1.0,
        "86%":1.0,
        "87%":1.0,
        "88%":1.0,
        "89%":1.0,
        "90%":1.0,
        "91%":1.0,
        "92%":1.0,
        "93%":1.0,
        "94%":1.0,
        "95%":1.0,
        "96%":1.0,
        "97%":1.0,
        "98%":1.0,
        "99%":1.0
    }
}