{
    "brick":{
        "1%":0.3488012374,
        "2%":0.5328692962,
        "3%":0.6318638824,
        "4%":0.6875483372,
        "5%":0.7308584687,
        "6%":0.7664346481,
        "7%":0.7935034803,
        "8%":0.8159319412,
        "9%":0.8368136118,
        "10%":0.8484145398,
        "11%":0.8561484919,
        "12%":0.871616396,
        "13%":0.8785769528,
        "14%":0.8863109049,
        "15%":0.8909512761,
        "16%":0.8971384377,
        "17%":0.905645785,
        "18%":0.909512761,
        "19%":0.9187935035,
        "20%":0.9265274555,
        "21%":0.9334880124,
        "22%":0.9365815932,
        "23%":0.939675174,
        "24%":0.9443155452,
        "25%":0.9474091261,
        "26%":0.9481825213,
        "27%":0.9528228925,
        "28%":0.9559164733,
        "29%":0.9597834493,
        "30%":0.9613302398,
        "31%":0.9628770302,
        "32%":0.9651972158,
        "33%":0.9675174014,
        "34%":0.969837587,
        "35%":0.9729311678,
        "36%":0.9752513534,
        "37%":0.9767981439,
        "38%":0.9783449343,
        "39%":0.9791183295,
        "40%":0.9806651199,
        "41%":0.9837587007,
        "42%":0.9853054911,
        "43%":0.9876256767,
        "44%":0.9883990719,
        "45%":0.9891724671,
        "46%":0.9891724671,
        "47%":0.9914926527,
        "48%":0.9914926527,
        "49%":0.992266048,
        "50%":0.9930394432,
        "51%":0.9938128384,
        "52%":0.9938128384,
        "53%":0.9953596288,
        "54%":0.996133024,
        "55%":0.996133024,
        "56%":0.996133024,
        "57%":0.996133024,
        "58%":0.9969064192,
        "59%":0.9969064192,
        "60%":0.9976798144,
        "61%":0.9976798144,
        "62%":0.9976798144,
        "63%":0.9976798144,
        "64%":0.9976798144,
        "65%":0.9984532096,
        "66%":0.9984532096,
        "67%":0.9984532096,
        "68%":0.9984532096,
        "69%":0.9984532096,
        "70%":0.9984532096,
        "71%":0.9992266048,
        "72%":0.9992266048,
        "73%":0.9992266048,
        "74%":0.9992266048,
        "75%":0.9992266048,
        "76%":1.0,
        "77%":1.0,
        "78%":1.0,
        "79%":1.0,
        "80%":1.0,
        "81%":1.0,
        "82%":1.0,
        "83%":1.0,
        "84%":1.0,
        "85%":1.0,
        "86%":1.0,
        "87%":1.0,
        "88%":1.0,
        "89%":1.0,
        "90%":1.0,
        "91%":1.0,
        "92%":1.0,
        "93%":1.0,
        "94%":1.0,
        "95%":1.0,
        "96%":1.0,
        "97%":1.0,
        "98%":1.0,
        "99%":1.0
    },
    "glass":{
        "1%":0.3589128697,
        "2%":0.5099920064,
        "3%":0.6083133493,
        "4%":0.6682653877,
        "5%":0.7154276579,
        "6%":0.7513988809,
        "7%":0.7801758593,
        "8%":0.8041566747,
        "9%":0.8193445244,
        "10%":0.8361310951,
        "11%":0.8481215028,
        "12%":0.8585131894,
        "13%":0.8713029576,
        "14%":0.8800959233,
        "15%":0.8888888889,
        "16%":0.8944844125,
        "17%":0.9000799361,
        "18%":0.9088729017,
        "19%":0.9160671463,
        "20%":0.9216626699,
        "21%":0.9256594724,
        "22%":0.9304556355,
        "23%":0.9368505196,
        "24%":0.9424460432,
        "25%":0.9480415667,
        "26%":0.9504396483,
        "27%":0.9544364508,
        "28%":0.9560351719,
        "29%":0.9576338929,
        "30%":0.9584332534,
        "31%":0.9584332534,
        "32%":0.9616306954,
        "33%":0.964028777,
        "34%":0.9664268585,
        "35%":0.9696243006,
        "36%":0.9720223821,
        "37%":0.9744204636,
        "38%":0.9768185452,
        "39%":0.9768185452,
        "40%":0.9792166267,
        "41%":0.9808153477,
        "42%":0.9808153477,
        "43%":0.9832134293,
        "44%":0.9856115108,
        "45%":0.9872102318,
        "46%":0.9888089528,
        "47%":0.9896083133,
        "48%":0.9904076739,
        "49%":0.9912070344,
        "50%":0.9912070344,
        "51%":0.9912070344,
        "52%":0.9920063949,
        "53%":0.9928057554,
        "54%":0.9928057554,
        "55%":0.9936051159,
        "56%":0.9944044764,
        "57%":0.9944044764,
        "58%":0.9952038369,
        "59%":0.9952038369,
        "60%":0.9952038369,
        "61%":0.9960031974,
        "62%":0.9960031974,
        "63%":0.9960031974,
        "64%":0.9960031974,
        "65%":0.9960031974,
        "66%":0.9960031974,
        "67%":0.996802558,
        "68%":0.996802558,
        "69%":0.9976019185,
        "70%":0.9976019185,
        "71%":0.9976019185,
        "72%":0.998401279,
        "73%":0.998401279,
        "74%":0.998401279,
        "75%":0.998401279,
        "76%":0.998401279,
        "77%":0.998401279,
        "78%":0.998401279,
        "79%":0.998401279,
        "80%":0.998401279,
        "81%":0.998401279,
        "82%":0.998401279,
        "83%":0.998401279,
        "84%":0.998401279,
        "85%":0.9992006395,
        "86%":0.9992006395,
        "87%":0.9992006395,
        "88%":0.9992006395,
        "89%":0.9992006395,
        "90%":0.9992006395,
        "91%":0.9992006395,
        "92%":0.9992006395,
        "93%":0.9992006395,
        "94%":0.9992006395,
        "95%":0.9992006395,
        "96%":0.9992006395,
        "97%":0.9992006395,
        "98%":1.0,
        "99%":1.0
    }
}