{
    "2 Neighbors":{
        "10%":0.1028717016,
        "20%":0.0881491668,
        "30%":0.0820727312,
        "40%":0.0754219446,
        "50%":0.0720014134,
        "60%":0.0702252461,
        "70%":0.066842279,
        "80%":0.0648249161,
        "90%":0.0636314091,
        "100%":0.0629151027
    },
    "5 Neighbors":{
        "10%":0.1031549397,
        "20%":0.0884055116,
        "30%":0.0807725664,
        "40%":0.0733741413,
        "50%":0.0695862461,
        "60%":0.0677825548,
        "70%":0.0647906249,
        "80%":0.0619539378,
        "90%":0.0604556807,
        "100%":0.0606020005
    },
    "20 Neighbors":{
        "10%":0.1154425399,
        "20%":0.1026796559,
        "30%":0.0949912266,
        "40%":0.0889174644,
        "50%":0.0839170713,
        "60%":0.0803431911,
        "70%":0.0771616306,
        "80%":0.0746420704,
        "90%":0.0725310248,
        "100%":0.071135451
    },
    "Random Forest":{
        "10%":0.1120979143,
        "20%":0.1090592582,
        "30%":0.107061384,
        "40%":0.1076313563,
        "50%":0.1070772974,
        "60%":0.1078779503,
        "70%":0.1083772129,
        "80%":0.1079523309,
        "90%":0.1085198383,
        "100%":0.1082813211
    },
    "Ours":{
        "10%":0.0774727197,
        "20%":0.0636703885,
        "30%":0.0589790615,
        "40%":0.0554869001,
        "50%":0.0521070202,
        "60%":0.0520199197,
        "70%":0.0515292895,
        "80%":0.0484257309,
        "90%":0.0464682668,
        "100%":0.046255362
    }
}