{
    "0":{
        "classes_names":[
            "brick",
            "concrete",
            "marble",
            "plaster",
            "metal",
            "nothing"
        ],
        "mpc":null,
        "non_empty_classes_names":[
            "metal"
        ],
        "train_size":27984,
        "test_size":6996,
        "num_epochs":100,
        "pos_enc_dim":10,
        "tsp":1,
        "label_name":"f_xyz",
        "enc_input_size":60,
        "num_present_classes":1,
        "xyz_centroid":[
            1408.0790594626,
            112.1072670097,
            1067.8923985134
        ],
        "xyz_max-min":3010.0,
        "xyzh_centroid":[
            0.0091480846,
            -0.1040594626,
            0.0
        ],
        "xyzh_max-min":360.0,
        "criterion":"MSELoss()",
        "training_time_in_seconds":"321",
        "final_training_loss":0.0004947115,
        "final_test_loss":0.0008064985,
        "training_losses_summary":[
            [
                0.2743925165
            ],
            [
                0.0011265616
            ],
            [
                0.000987759
            ],
            [
                0.0008291338
            ],
            [
                0.0007400844
            ],
            [
                0.0006891301
            ],
            [
                0.0006596641
            ],
            [
                0.0006360735
            ],
            [
                0.0005505677
            ],
            [
                0.0005297556
            ]
        ],
        "test_losses_summary":[
            [
                0.0005142823
            ],
            [
                0.0004522667
            ],
            [
                0.0004923995
            ],
            [
                0.0006281665
            ],
            [
                0.000446009
            ],
            [
                0.0004297203
            ],
            [
                0.0003749335
            ],
            [
                0.0004481888
            ],
            [
                0.0004378774
            ],
            [
                0.0008698919
            ]
        ],
        "training_losses_history":[
            [
                0.2743925165
            ],
            [
                0.0011476727
            ],
            [
                0.0011333598
            ],
            [
                0.0011322472
            ],
            [
                0.0011320033
            ],
            [
                0.0011318176
            ],
            [
                0.001131545
            ],
            [
                0.0011310574
            ],
            [
                0.001130179
            ],
            [
                0.0011287377
            ],
            [
                0.0011265616
            ],
            [
                0.0011225322
            ],
            [
                0.0011180647
            ],
            [
                0.0011109138
            ],
            [
                0.0010975634
            ],
            [
                0.00108513
            ],
            [
                0.00107217
            ],
            [
                0.0010523207
            ],
            [
                0.0010321356
            ],
            [
                0.0010136211
            ],
            [
                0.000987759
            ],
            [
                0.000969819
            ],
            [
                0.0009321909
            ],
            [
                0.0009172987
            ],
            [
                0.0009071234
            ],
            [
                0.0008889706
            ],
            [
                0.0008795687
            ],
            [
                0.0008476553
            ],
            [
                0.0008614192
            ],
            [
                0.0008278099
            ],
            [
                0.0008291338
            ],
            [
                0.0008193307
            ],
            [
                0.0007954324
            ],
            [
                0.0007923454
            ],
            [
                0.0007859392
            ],
            [
                0.0007864206
            ],
            [
                0.0007615537
            ],
            [
                0.0007766477
            ],
            [
                0.0007588734
            ],
            [
                0.0007595978
            ],
            [
                0.0007400844
            ],
            [
                0.0007310075
            ],
            [
                0.0007354823
            ],
            [
                0.0007113321
            ],
            [
                0.0006994891
            ],
            [
                0.0007310372
            ],
            [
                0.0007028397
            ],
            [
                0.0006979045
            ],
            [
                0.0006998467
            ],
            [
                0.0006965244
            ],
            [
                0.0006891301
            ],
            [
                0.0007028764
            ],
            [
                0.0006802696
            ],
            [
                0.000688786
            ],
            [
                0.0006686219
            ],
            [
                0.0006824202
            ],
            [
                0.0006497073
            ],
            [
                0.0006689632
            ],
            [
                0.0006644174
            ],
            [
                0.0006487418
            ],
            [
                0.0006596641
            ],
            [
                0.0006613627
            ],
            [
                0.0006360785
            ],
            [
                0.0006543416
            ],
            [
                0.000644068
            ],
            [
                0.0006366884
            ],
            [
                0.0006438989
            ],
            [
                0.0006453252
            ],
            [
                0.0006444052
            ],
            [
                0.0006048047
            ],
            [
                0.0006360735
            ],
            [
                0.0006164417
            ],
            [
                0.0005907273
            ],
            [
                0.000580213
            ],
            [
                0.0006546578
            ],
            [
                0.0005762822
            ],
            [
                0.0005847387
            ],
            [
                0.0005932194
            ],
            [
                0.0005581738
            ],
            [
                0.000599891
            ],
            [
                0.0005505677
            ],
            [
                0.0005751443
            ],
            [
                0.0005527692
            ],
            [
                0.0005516453
            ],
            [
                0.0005553221
            ],
            [
                0.0005317351
            ],
            [
                0.00052418
            ],
            [
                0.0005393736
            ],
            [
                0.0005438738
            ],
            [
                0.0005120544
            ],
            [
                0.0005297556
            ],
            [
                0.0005785218
            ],
            [
                0.0005067628
            ],
            [
                0.000521191
            ],
            [
                0.0005323723
            ],
            [
                0.000505116
            ],
            [
                0.0005388695
            ],
            [
                0.0005013182
            ],
            [
                0.0004831817
            ],
            [
                0.0004947115
            ]
